{"columns":["A","B","C","D"],"index":[1356998400000,1357084800000,1357171200000,1357257600000,1357344000000,1357430400000],"data":[[-0.155163708,1.5615881085,0.2539405148,-0.1471391766],[0.1991025167,2.5179639122,-0.4932671968,-0.560932211],[0.0733860637,-0.4630810791,0.993935413,1.0721278554],[-1.1246018623,0.0415277053,-1.068246208,0.6258636087],[0.3009164657,-0.4152027028,0.0450628353,1.7035517104],[0.6593808399,-0.1305370452,-0.3386000463,0.1041408456]]}